sku,name,category,price,cost,stock,description,attributes,compatibility,delivery_days,return_days,warranty
HDP-001,Airwave Pro Wireless,headphones,7499,4600,60,Lightweight wireless headphones for gaming and office meetings. Clear microphone and long battery life.,"{""wireless"": true, ""battery_hours"": 40, ""weight_g"": 210, ""microphone"": true}",[],3,7,1 year manufacturer warranty
MON-001,Viewpoint 24 IPS,monitors,12499,7800,60,Full HD IPS office monitor with HDMI and ergonomic stand.,"{""size_inches"": 24, ""resolution"": ""1080p"", ""refresh_hz"": 100}",[],3,7,1 year manufacturer warranty
KEY-001,Keycraft Mechanical,keyboards,3499,1900,60,Compact wireless mechanical keyboard for office and gaming.,"{""wireless"": true, ""layout"": ""TKL""}",[],3,7,1 year manufacturer warranty
CHR-001,Volt 65W GaN,chargers,2499,1200,60,Compact USB-C fast charger for laptops and devices.,"{""watts"": 65, ""connector"": ""USB-C""}","[""LAP-001""]",3,7,1 year manufacturer warranty
ADP-001,Link Bluetooth 5.3,adapters,499,200,60,Bluetooth adapter connects wireless headphones to an office PC.,"{""wireless"": true, ""connector"": ""USB-A""}","[""HDP-001""]",3,7,1 year manufacturer warranty
MOU-001,Glide Silent Mouse,mice,1299,650,60,Light wireless office mouse with silent clicks.,"{""wireless"": true, ""weight_g"": 70}",[],3,7,1 year manufacturer warranty
LAP-001,Workstation Air 14,laptops,64999,45000,60,Portable office laptop with a 14-inch display and USB-C charging.,"{""ram_gb"": 16, ""storage_gb"": 512}",[],3,7,1 year manufacturer warranty
HDS-001,Studio Wired Reference,headphones,5499,3200,60,Wired studio headphones for detailed sound.,"{""wireless"": false, ""weight_g"": 280}",[],3,7,1 year manufacturer warranty
M32-001,Viewpoint 32 QHD,monitors,24999,16000,60,Large QHD productivity monitor with vivid IPS display.,"{""size_inches"": 32, ""resolution"": ""1440p""}",[],3,7,1 year manufacturer warranty
HUB-001,Dock Seven USB-C,adapters,3999,2200,60,Seven port USB-C dock with HDMI and USB accessories.,"{""connector"": ""USB-C"", ""ports"": 7}","[""LAP-001""]",3,7,1 year manufacturer warranty
HDP-002,Airwave Pro Wireless · Series 2,headphones,7599,4600,57,Lightweight wireless headphones for gaming and office meetings. Clear microphone and long battery life.,"{""wireless"": true, ""battery_hours"": 40, ""weight_g"": 210, ""microphone"": true}",[],4,7,1 year manufacturer warranty
MON-002,Viewpoint 24 IPS · Series 2,monitors,12599,7800,57,Full HD IPS office monitor with HDMI and ergonomic stand.,"{""size_inches"": 24, ""resolution"": ""1080p"", ""refresh_hz"": 100}",[],4,7,1 year manufacturer warranty
KEY-002,Keycraft Mechanical · Series 2,keyboards,3599,1900,57,Compact wireless mechanical keyboard for office and gaming.,"{""wireless"": true, ""layout"": ""TKL""}",[],4,7,1 year manufacturer warranty
CHR-002,Volt 65W GaN · Series 2,chargers,2599,1200,57,Compact USB-C fast charger for laptops and devices.,"{""watts"": 65, ""connector"": ""USB-C""}","[""LAP-002""]",4,7,1 year manufacturer warranty
ADP-002,Link Bluetooth 5.3 · Series 2,adapters,599,200,57,Bluetooth adapter connects wireless headphones to an office PC.,"{""wireless"": true, ""connector"": ""USB-A""}","[""HDP-002""]",4,7,1 year manufacturer warranty
MOU-002,Glide Silent Mouse · Series 2,mice,1399,650,57,Light wireless office mouse with silent clicks.,"{""wireless"": true, ""weight_g"": 70}",[],4,7,1 year manufacturer warranty
LAP-002,Workstation Air 14 · Series 2,laptops,65099,45000,57,Portable office laptop with a 14-inch display and USB-C charging.,"{""ram_gb"": 16, ""storage_gb"": 512}",[],4,7,1 year manufacturer warranty
HDS-002,Studio Wired Reference · Series 2,headphones,5599,3200,57,Wired studio headphones for detailed sound.,"{""wireless"": false, ""weight_g"": 280}",[],4,7,1 year manufacturer warranty
M32-002,Viewpoint 32 QHD · Series 2,monitors,25099,16000,57,Large QHD productivity monitor with vivid IPS display.,"{""size_inches"": 32, ""resolution"": ""1440p""}",[],4,7,1 year manufacturer warranty
HUB-002,Dock Seven USB-C · Series 2,adapters,4099,2200,57,Seven port USB-C dock with HDMI and USB accessories.,"{""connector"": ""USB-C"", ""ports"": 7}","[""LAP-002""]",4,7,1 year manufacturer warranty
HDP-003,Airwave Pro Wireless · Series 3,headphones,7699,4600,54,Lightweight wireless headphones for gaming and office meetings. Clear microphone and long battery life.,"{""wireless"": true, ""battery_hours"": 40, ""weight_g"": 210, ""microphone"": true}",[],5,7,1 year manufacturer warranty
MON-003,Viewpoint 24 IPS · Series 3,monitors,12699,7800,54,Full HD IPS office monitor with HDMI and ergonomic stand.,"{""size_inches"": 24, ""resolution"": ""1080p"", ""refresh_hz"": 100}",[],5,7,1 year manufacturer warranty
KEY-003,Keycraft Mechanical · Series 3,keyboards,3699,1900,54,Compact wireless mechanical keyboard for office and gaming.,"{""wireless"": true, ""layout"": ""TKL""}",[],5,7,1 year manufacturer warranty
CHR-003,Volt 65W GaN · Series 3,chargers,2699,1200,54,Compact USB-C fast charger for laptops and devices.,"{""watts"": 65, ""connector"": ""USB-C""}","[""LAP-003""]",5,7,1 year manufacturer warranty
ADP-003,Link Bluetooth 5.3 · Series 3,adapters,699,200,54,Bluetooth adapter connects wireless headphones to an office PC.,"{""wireless"": true, ""connector"": ""USB-A""}","[""HDP-003""]",5,7,1 year manufacturer warranty
MOU-003,Glide Silent Mouse · Series 3,mice,1499,650,54,Light wireless office mouse with silent clicks.,"{""wireless"": true, ""weight_g"": 70}",[],5,7,1 year manufacturer warranty
LAP-003,Workstation Air 14 · Series 3,laptops,65199,45000,54,Portable office laptop with a 14-inch display and USB-C charging.,"{""ram_gb"": 16, ""storage_gb"": 512}",[],5,7,1 year manufacturer warranty
HDS-003,Studio Wired Reference · Series 3,headphones,5699,3200,54,Wired studio headphones for detailed sound.,"{""wireless"": false, ""weight_g"": 280}",[],5,7,1 year manufacturer warranty
M32-003,Viewpoint 32 QHD · Series 3,monitors,25199,16000,54,Large QHD productivity monitor with vivid IPS display.,"{""size_inches"": 32, ""resolution"": ""1440p""}",[],5,7,1 year manufacturer warranty
HUB-003,Dock Seven USB-C · Series 3,adapters,4199,2200,54,Seven port USB-C dock with HDMI and USB accessories.,"{""connector"": ""USB-C"", ""ports"": 7}","[""LAP-003""]",5,7,1 year manufacturer warranty
HDP-004,Airwave Pro Wireless · Series 4,headphones,7799,4600,51,Lightweight wireless headphones for gaming and office meetings. Clear microphone and long battery life.,"{""wireless"": true, ""battery_hours"": 40, ""weight_g"": 210, ""microphone"": true}",[],3,7,1 year manufacturer warranty
MON-004,Viewpoint 24 IPS · Series 4,monitors,12799,7800,51,Full HD IPS office monitor with HDMI and ergonomic stand.,"{""size_inches"": 24, ""resolution"": ""1080p"", ""refresh_hz"": 100}",[],3,7,1 year manufacturer warranty
KEY-004,Keycraft Mechanical · Series 4,keyboards,3799,1900,51,Compact wireless mechanical keyboard for office and gaming.,"{""wireless"": true, ""layout"": ""TKL""}",[],3,7,1 year manufacturer warranty
CHR-004,Volt 65W GaN · Series 4,chargers,2799,1200,51,Compact USB-C fast charger for laptops and devices.,"{""watts"": 65, ""connector"": ""USB-C""}","[""LAP-004""]",3,7,1 year manufacturer warranty
ADP-004,Link Bluetooth 5.3 · Series 4,adapters,799,200,51,Bluetooth adapter connects wireless headphones to an office PC.,"{""wireless"": true, ""connector"": ""USB-A""}","[""HDP-004""]",3,7,1 year manufacturer warranty
MOU-004,Glide Silent Mouse · Series 4,mice,1599,650,51,Light wireless office mouse with silent clicks.,"{""wireless"": true, ""weight_g"": 70}",[],3,7,1 year manufacturer warranty
LAP-004,Workstation Air 14 · Series 4,laptops,65299,45000,51,Portable office laptop with a 14-inch display and USB-C charging.,"{""ram_gb"": 16, ""storage_gb"": 512}",[],3,7,1 year manufacturer warranty
HDS-004,Studio Wired Reference · Series 4,headphones,5799,3200,51,Wired studio headphones for detailed sound.,"{""wireless"": false, ""weight_g"": 280}",[],3,7,1 year manufacturer warranty
M32-004,Viewpoint 32 QHD · Series 4,monitors,25299,16000,51,Large QHD productivity monitor with vivid IPS display.,"{""size_inches"": 32, ""resolution"": ""1440p""}",[],3,7,1 year manufacturer warranty
HUB-004,Dock Seven USB-C · Series 4,adapters,4299,2200,51,Seven port USB-C dock with HDMI and USB accessories.,"{""connector"": ""USB-C"", ""ports"": 7}","[""LAP-004""]",3,7,1 year manufacturer warranty
HDP-005,Airwave Pro Wireless · Series 5,headphones,7899,4600,48,Lightweight wireless headphones for gaming and office meetings. Clear microphone and long battery life.,"{""wireless"": true, ""battery_hours"": 40, ""weight_g"": 210, ""microphone"": true}",[],4,7,1 year manufacturer warranty
MON-005,Viewpoint 24 IPS · Series 5,monitors,12899,7800,48,Full HD IPS office monitor with HDMI and ergonomic stand.,"{""size_inches"": 24, ""resolution"": ""1080p"", ""refresh_hz"": 100}",[],4,7,1 year manufacturer warranty
KEY-005,Keycraft Mechanical · Series 5,keyboards,3899,1900,48,Compact wireless mechanical keyboard for office and gaming.,"{""wireless"": true, ""layout"": ""TKL""}",[],4,7,1 year manufacturer warranty
CHR-005,Volt 65W GaN · Series 5,chargers,2899,1200,48,Compact USB-C fast charger for laptops and devices.,"{""watts"": 65, ""connector"": ""USB-C""}","[""LAP-005""]",4,7,1 year manufacturer warranty
ADP-005,Link Bluetooth 5.3 · Series 5,adapters,899,200,48,Bluetooth adapter connects wireless headphones to an office PC.,"{""wireless"": true, ""connector"": ""USB-A""}","[""HDP-005""]",4,7,1 year manufacturer warranty
MOU-005,Glide Silent Mouse · Series 5,mice,1699,650,48,Light wireless office mouse with silent clicks.,"{""wireless"": true, ""weight_g"": 70}",[],4,7,1 year manufacturer warranty
LAP-005,Workstation Air 14 · Series 5,laptops,65399,45000,48,Portable office laptop with a 14-inch display and USB-C charging.,"{""ram_gb"": 16, ""storage_gb"": 512}",[],4,7,1 year manufacturer warranty
HDS-005,Studio Wired Reference · Series 5,headphones,5899,3200,48,Wired studio headphones for detailed sound.,"{""wireless"": false, ""weight_g"": 280}",[],4,7,1 year manufacturer warranty
M32-005,Viewpoint 32 QHD · Series 5,monitors,25399,16000,48,Large QHD productivity monitor with vivid IPS display.,"{""size_inches"": 32, ""resolution"": ""1440p""}",[],4,7,1 year manufacturer warranty
HUB-005,Dock Seven USB-C · Series 5,adapters,4399,2200,48,Seven port USB-C dock with HDMI and USB accessories.,"{""connector"": ""USB-C"", ""ports"": 7}","[""LAP-005""]",4,7,1 year manufacturer warranty
HDP-006,Airwave Pro Wireless · Series 6,headphones,7999,4600,45,Lightweight wireless headphones for gaming and office meetings. Clear microphone and long battery life.,"{""wireless"": true, ""battery_hours"": 40, ""weight_g"": 210, ""microphone"": true}",[],5,7,1 year manufacturer warranty
MON-006,Viewpoint 24 IPS · Series 6,monitors,12999,7800,45,Full HD IPS office monitor with HDMI and ergonomic stand.,"{""size_inches"": 24, ""resolution"": ""1080p"", ""refresh_hz"": 100}",[],5,7,1 year manufacturer warranty
KEY-006,Keycraft Mechanical · Series 6,keyboards,3999,1900,45,Compact wireless mechanical keyboard for office and gaming.,"{""wireless"": true, ""layout"": ""TKL""}",[],5,7,1 year manufacturer warranty
CHR-006,Volt 65W GaN · Series 6,chargers,2999,1200,45,Compact USB-C fast charger for laptops and devices.,"{""watts"": 65, ""connector"": ""USB-C""}","[""LAP-006""]",5,7,1 year manufacturer warranty
ADP-006,Link Bluetooth 5.3 · Series 6,adapters,999,200,45,Bluetooth adapter connects wireless headphones to an office PC.,"{""wireless"": true, ""connector"": ""USB-A""}","[""HDP-006""]",5,7,1 year manufacturer warranty
MOU-006,Glide Silent Mouse · Series 6,mice,1799,650,45,Light wireless office mouse with silent clicks.,"{""wireless"": true, ""weight_g"": 70}",[],5,7,1 year manufacturer warranty
LAP-006,Workstation Air 14 · Series 6,laptops,65499,45000,45,Portable office laptop with a 14-inch display and USB-C charging.,"{""ram_gb"": 16, ""storage_gb"": 512}",[],5,7,1 year manufacturer warranty
HDS-006,Studio Wired Reference · Series 6,headphones,5999,3200,45,Wired studio headphones for detailed sound.,"{""wireless"": false, ""weight_g"": 280}",[],5,7,1 year manufacturer warranty
M32-006,Viewpoint 32 QHD · Series 6,monitors,25499,16000,45,Large QHD productivity monitor with vivid IPS display.,"{""size_inches"": 32, ""resolution"": ""1440p""}",[],5,7,1 year manufacturer warranty
HUB-006,Dock Seven USB-C · Series 6,adapters,4499,2200,45,Seven port USB-C dock with HDMI and USB accessories.,"{""connector"": ""USB-C"", ""ports"": 7}","[""LAP-006""]",5,7,1 year manufacturer warranty
HDP-007,Airwave Pro Wireless · Series 7,headphones,8099,4600,42,Lightweight wireless headphones for gaming and office meetings. Clear microphone and long battery life.,"{""wireless"": true, ""battery_hours"": 40, ""weight_g"": 210, ""microphone"": true}",[],3,7,1 year manufacturer warranty
MON-007,Viewpoint 24 IPS · Series 7,monitors,13099,7800,42,Full HD IPS office monitor with HDMI and ergonomic stand.,"{""size_inches"": 24, ""resolution"": ""1080p"", ""refresh_hz"": 100}",[],3,7,1 year manufacturer warranty
KEY-007,Keycraft Mechanical · Series 7,keyboards,4099,1900,42,Compact wireless mechanical keyboard for office and gaming.,"{""wireless"": true, ""layout"": ""TKL""}",[],3,7,1 year manufacturer warranty
CHR-007,Volt 65W GaN · Series 7,chargers,3099,1200,42,Compact USB-C fast charger for laptops and devices.,"{""watts"": 65, ""connector"": ""USB-C""}","[""LAP-007""]",3,7,1 year manufacturer warranty
ADP-007,Link Bluetooth 5.3 · Series 7,adapters,1099,200,42,Bluetooth adapter connects wireless headphones to an office PC.,"{""wireless"": true, ""connector"": ""USB-A""}","[""HDP-007""]",3,7,1 year manufacturer warranty
MOU-007,Glide Silent Mouse · Series 7,mice,1899,650,42,Light wireless office mouse with silent clicks.,"{""wireless"": true, ""weight_g"": 70}",[],3,7,1 year manufacturer warranty
LAP-007,Workstation Air 14 · Series 7,laptops,65599,45000,42,Portable office laptop with a 14-inch display and USB-C charging.,"{""ram_gb"": 16, ""storage_gb"": 512}",[],3,7,1 year manufacturer warranty
HDS-007,Studio Wired Reference · Series 7,headphones,6099,3200,42,Wired studio headphones for detailed sound.,"{""wireless"": false, ""weight_g"": 280}",[],3,7,1 year manufacturer warranty
M32-007,Viewpoint 32 QHD · Series 7,monitors,25599,16000,42,Large QHD productivity monitor with vivid IPS display.,"{""size_inches"": 32, ""resolution"": ""1440p""}",[],3,7,1 year manufacturer warranty
HUB-007,Dock Seven USB-C · Series 7,adapters,4599,2200,42,Seven port USB-C dock with HDMI and USB accessories.,"{""connector"": ""USB-C"", ""ports"": 7}","[""LAP-007""]",3,7,1 year manufacturer warranty
HDP-008,Airwave Pro Wireless · Series 8,headphones,8199,4600,39,Lightweight wireless headphones for gaming and office meetings. Clear microphone and long battery life.,"{""wireless"": true, ""battery_hours"": 40, ""weight_g"": 210, ""microphone"": true}",[],4,7,1 year manufacturer warranty
MON-008,Viewpoint 24 IPS · Series 8,monitors,13199,7800,39,Full HD IPS office monitor with HDMI and ergonomic stand.,"{""size_inches"": 24, ""resolution"": ""1080p"", ""refresh_hz"": 100}",[],4,7,1 year manufacturer warranty
KEY-008,Keycraft Mechanical · Series 8,keyboards,4199,1900,39,Compact wireless mechanical keyboard for office and gaming.,"{""wireless"": true, ""layout"": ""TKL""}",[],4,7,1 year manufacturer warranty
CHR-008,Volt 65W GaN · Series 8,chargers,3199,1200,39,Compact USB-C fast charger for laptops and devices.,"{""watts"": 65, ""connector"": ""USB-C""}","[""LAP-008""]",4,7,1 year manufacturer warranty
ADP-008,Link Bluetooth 5.3 · Series 8,adapters,1199,200,39,Bluetooth adapter connects wireless headphones to an office PC.,"{""wireless"": true, ""connector"": ""USB-A""}","[""HDP-008""]",4,7,1 year manufacturer warranty
MOU-008,Glide Silent Mouse · Series 8,mice,1999,650,39,Light wireless office mouse with silent clicks.,"{""wireless"": true, ""weight_g"": 70}",[],4,7,1 year manufacturer warranty
LAP-008,Workstation Air 14 · Series 8,laptops,65699,45000,39,Portable office laptop with a 14-inch display and USB-C charging.,"{""ram_gb"": 16, ""storage_gb"": 512}",[],4,7,1 year manufacturer warranty
HDS-008,Studio Wired Reference · Series 8,headphones,6199,3200,39,Wired studio headphones for detailed sound.,"{""wireless"": false, ""weight_g"": 280}",[],4,7,1 year manufacturer warranty
M32-008,Viewpoint 32 QHD · Series 8,monitors,25699,16000,39,Large QHD productivity monitor with vivid IPS display.,"{""size_inches"": 32, ""resolution"": ""1440p""}",[],4,7,1 year manufacturer warranty
HUB-008,Dock Seven USB-C · Series 8,adapters,4699,2200,39,Seven port USB-C dock with HDMI and USB accessories.,"{""connector"": ""USB-C"", ""ports"": 7}","[""LAP-008""]",4,7,1 year manufacturer warranty
HDP-009,Airwave Pro Wireless · Series 9,headphones,8299,4600,36,Lightweight wireless headphones for gaming and office meetings. Clear microphone and long battery life.,"{""wireless"": true, ""battery_hours"": 40, ""weight_g"": 210, ""microphone"": true}",[],5,7,1 year manufacturer warranty
MON-009,Viewpoint 24 IPS · Series 9,monitors,13299,7800,36,Full HD IPS office monitor with HDMI and ergonomic stand.,"{""size_inches"": 24, ""resolution"": ""1080p"", ""refresh_hz"": 100}",[],5,7,1 year manufacturer warranty
KEY-009,Keycraft Mechanical · Series 9,keyboards,4299,1900,36,Compact wireless mechanical keyboard for office and gaming.,"{""wireless"": true, ""layout"": ""TKL""}",[],5,7,1 year manufacturer warranty
CHR-009,Volt 65W GaN · Series 9,chargers,3299,1200,36,Compact USB-C fast charger for laptops and devices.,"{""watts"": 65, ""connector"": ""USB-C""}","[""LAP-009""]",5,7,1 year manufacturer warranty
ADP-009,Link Bluetooth 5.3 · Series 9,adapters,1299,200,36,Bluetooth adapter connects wireless headphones to an office PC.,"{""wireless"": true, ""connector"": ""USB-A""}","[""HDP-009""]",5,7,1 year manufacturer warranty
MOU-009,Glide Silent Mouse · Series 9,mice,2099,650,36,Light wireless office mouse with silent clicks.,"{""wireless"": true, ""weight_g"": 70}",[],5,7,1 year manufacturer warranty
LAP-009,Workstation Air 14 · Series 9,laptops,65799,45000,36,Portable office laptop with a 14-inch display and USB-C charging.,"{""ram_gb"": 16, ""storage_gb"": 512}",[],5,7,1 year manufacturer warranty
HDS-009,Studio Wired Reference · Series 9,headphones,6299,3200,36,Wired studio headphones for detailed sound.,"{""wireless"": false, ""weight_g"": 280}",[],5,7,1 year manufacturer warranty
M32-009,Viewpoint 32 QHD · Series 9,monitors,25799,16000,36,Large QHD productivity monitor with vivid IPS display.,"{""size_inches"": 32, ""resolution"": ""1440p""}",[],5,7,1 year manufacturer warranty
HUB-009,Dock Seven USB-C · Series 9,adapters,4799,2200,36,Seven port USB-C dock with HDMI and USB accessories.,"{""connector"": ""USB-C"", ""ports"": 7}","[""LAP-009""]",5,7,1 year manufacturer warranty
HDP-010,Airwave Pro Wireless · Series 10,headphones,8399,4600,0,Lightweight wireless headphones for gaming and office meetings. Clear microphone and long battery life.,"{""wireless"": true, ""battery_hours"": 40, ""weight_g"": 210, ""microphone"": true}",[],3,7,1 year manufacturer warranty
MON-010,Viewpoint 24 IPS · Series 10,monitors,13399,7800,0,Full HD IPS office monitor with HDMI and ergonomic stand.,"{""size_inches"": 24, ""resolution"": ""1080p"", ""refresh_hz"": 100}",[],3,7,1 year manufacturer warranty
KEY-010,Keycraft Mechanical · Series 10,keyboards,4399,1900,0,Compact wireless mechanical keyboard for office and gaming.,"{""wireless"": true, ""layout"": ""TKL""}",[],3,7,1 year manufacturer warranty
CHR-010,Volt 65W GaN · Series 10,chargers,3399,1200,0,Compact USB-C fast charger for laptops and devices.,"{""watts"": 65, ""connector"": ""USB-C""}","[""LAP-010""]",3,7,1 year manufacturer warranty
ADP-010,Link Bluetooth 5.3 · Series 10,adapters,1399,200,0,Bluetooth adapter connects wireless headphones to an office PC.,"{""wireless"": true, ""connector"": ""USB-A""}","[""HDP-010""]",3,7,1 year manufacturer warranty
MOU-010,Glide Silent Mouse · Series 10,mice,2199,650,0,Light wireless office mouse with silent clicks.,"{""wireless"": true, ""weight_g"": 70}",[],3,7,1 year manufacturer warranty
LAP-010,Workstation Air 14 · Series 10,laptops,65899,45000,0,Portable office laptop with a 14-inch display and USB-C charging.,"{""ram_gb"": 16, ""storage_gb"": 512}",[],3,7,1 year manufacturer warranty
HDS-010,Studio Wired Reference · Series 10,headphones,6399,3200,0,Wired studio headphones for detailed sound.,"{""wireless"": false, ""weight_g"": 280}",[],3,7,1 year manufacturer warranty
M32-010,Viewpoint 32 QHD · Series 10,monitors,25899,16000,0,Large QHD productivity monitor with vivid IPS display.,"{""size_inches"": 32, ""resolution"": ""1440p""}",[],3,7,1 year manufacturer warranty
HUB-010,Dock Seven USB-C · Series 10,adapters,4899,2200,0,Seven port USB-C dock with HDMI and USB accessories.,"{""connector"": ""USB-C"", ""ports"": 7}","[""LAP-010""]",3,7,1 year manufacturer warranty
